model,parameter,value,error,rmse
yukawa,A,25472.941326316348,1196552642.82707,0.0016840911122811373
yukawa,lambda,0.07776053305833143,235.77752385292774,0.0016840911122811373
