model,parameter,value,error,rmse
yukawa,A,-8.22461064452969,142700.79601439237,0.005469088312674692
yukawa,lambda,0.09250773218144846,224.96627297562597,0.005469088312674692
